employee_id,employee_name,employee_surname,sex,birth_date
1,nombre1,apellido1,1,20/10/1990
2,nombre2,apellido2,1,21/03/1987
3,nombre3,apellido3,1,05/12/1975
4,nombre4,apellido4,1,21/11/1967
5,nombre5,apellido5,1,21/09/1996
6,nombre6,apellido6,1,24/09/1998
7,nombre7,apellido7,2,03/04/1997
8,nombre8,apellido8,1,25/09/1973
9,nombre9,apellido9,2,23/09/1995
10,nombre10,apellido10,1,26/02/1998
11,nombre11,apellido11,2,10/11/1996
12,nombre12,apellido12,2,17/04/1989
13,nombre13,apellido13,1,11/04/1995
14,nombre14,apellido14,1,25/03/1996
15,nombre15,apellido15,1,27/12/1972
16,nombre16,apellido16,2,25/01/1997
17,nombre17,apellido17,2,26/12/1969
18,nombre18,apellido18,1,05/10/1960
19,nombre19,apellido19,2,22/05/1994
20,nombre20,apellido20,2,21/09/1998
21,nombre21,apellido21,2,22/02/1974
22,nombre22,apellido22,1,14/02/1995
23,nombre23,apellido23,1,11/07/1974
24,nombre24,apellido24,1,27/09/1990
25,nombre25,apellido25,1,11/06/1984
26,nombre26,apellido26,1,17/12/1984
27,nombre27,apellido27,1,28/02/1982
28,nombre28,apellido28,1,07/08/1978
29,nombre29,apellido29,2,27/04/1970
30,nombre30,apellido30,1,22/01/1993
31,nombre31,apellido31,1,16/10/1987
32,nombre32,apellido32,1,27/11/1986
33,nombre33,apellido33,1,02/03/1963
34,nombre34,apellido34,1,13/11/1994
35,nombre35,apellido35,1,09/06/1978
36,nombre36,apellido36,1,12/03/1978
37,nombre37,apellido37,1,24/01/1996
38,nombre38,apellido38,1,02/08/1976
39,nombre39,apellido39,2,01/12/1988
40,nombre40,apellido40,1,12/11/1996
41,nombre41,apellido41,1,21/07/1962
42,nombre42,apellido42,1,03/07/1978
43,nombre43,apellido43,1,05/05/2000
44,nombre44,apellido44,1,21/09/1984
45,nombre45,apellido45,1,08/02/1997
46,nombre46,apellido46,2,10/10/1989
47,nombre47,apellido47,1,08/06/1995
48,nombre48,apellido48,2,16/12/1998
49,nombre49,apellido49,1,02/06/1994
50,nombre50,apellido50,1,07/11/1979
51,nombre51,apellido51,1,17/05/1985
52,nombre52,apellido52,1,16/10/1965
53,nombre53,apellido53,1,22/12/1993
54,nombre54,apellido54,1,23/08/1998
55,nombre55,apellido55,2,02/01/1996
56,nombre56,apellido56,2,13/05/1995
57,nombre57,apellido57,1,02/07/1974
58,nombre58,apellido58,1,15/01/1997
59,nombre59,apellido59,2,06/05/1996
60,nombre60,apellido60,1,11/08/1964
61,nombre61,apellido61,1,18/12/1986
62,nombre62,apellido62,1,22/09/1989
63,nombre63,apellido63,2,01/09/1996
64,nombre64,apellido64,1,24/12/1991
65,nombre65,apellido65,1,09/07/1973
66,nombre66,apellido66,1,25/02/1996
67,nombre67,apellido67,2,27/04/1997
68,nombre68,apellido68,1,26/11/1997
69,nombre69,apellido69,1,16/03/1969
70,nombre70,apellido70,2,23/12/1995
71,nombre71,apellido71,2,27/02/1996
72,nombre72,apellido72,1,05/09/1962
73,nombre73,apellido73,1,10/05/1968
74,nombre74,apellido74,1,01/01/1973
75,nombre75,apellido75,1,27/11/1963
76,nombre76,apellido76,1,23/10/1971
77,nombre77,apellido77,2,24/12/1998
78,nombre78,apellido78,1,11/01/1961
79,nombre79,apellido79,1,13/01/1975
80,nombre80,apellido80,1,13/04/1997
81,nombre81,apellido81,2,17/08/1997
82,nombre82,apellido82,1,02/05/1963
83,nombre83,apellido83,1,07/01/1999
84,nombre84,apellido84,1,10/04/1965
85,nombre85,apellido85,1,28/07/1990
86,nombre86,apellido86,1,07/12/2000
87,nombre87,apellido87,2,17/01/1990
88,nombre88,apellido88,1,15/04/1990
89,nombre89,apellido89,1,03/12/1969
90,nombre90,apellido90,1,10/06/1992
91,nombre91,apellido91,1,22/08/1987
92,nombre92,apellido92,1,04/10/2000
93,nombre93,apellido93,2,23/06/1997
94,nombre94,apellido94,2,18/12/1973
95,nombre95,apellido95,2,26/11/1963
96,nombre96,apellido96,2,11/03/1998
97,nombre97,apellido97,2,05/04/1982
98,nombre98,apellido98,1,16/09/1996
99,nombre99,apellido99,1,01/07/1996
100,nombre100,apellido100,1,26/08/1977
101,nombre101,apellido101,2,06/06/1989
102,nombre102,apellido102,1,05/05/1996
103,nombre103,apellido103,1,09/10/1987
104,nombre104,apellido104,2,22/03/1992
105,nombre105,apellido105,2,21/02/1997
106,nombre106,apellido106,2,12/07/1997
107,nombre107,apellido107,1,21/09/2000
108,nombre108,apellido108,1,09/12/1975
109,nombre109,apellido109,1,27/05/2000
110,nombre110,apellido110,2,03/08/1998
111,nombre111,apellido111,1,07/06/1998
112,nombre112,apellido112,2,24/12/1961
113,nombre113,apellido113,1,28/11/1964
114,nombre114,apellido114,1,03/12/1996
115,nombre115,apellido115,1,09/05/1995
116,nombre116,apellido116,1,12/12/1999
117,nombre117,apellido117,1,08/12/2000
118,nombre118,apellido118,1,13/07/1998
119,nombre119,apellido119,2,20/01/1960
120,nombre120,apellido120,1,18/11/1983
121,nombre121,apellido121,2,20/12/1985
122,nombre122,apellido122,1,10/04/1960
123,nombre123,apellido123,1,03/01/1962
124,nombre124,apellido124,1,14/10/1970
125,nombre125,apellido125,1,03/12/1964
126,nombre126,apellido126,2,05/10/1998
127,nombre127,apellido127,2,11/08/1997
128,nombre128,apellido128,1,11/08/1993
129,nombre129,apellido129,1,11/09/1962
130,nombre130,apellido130,1,14/06/1964
131,nombre131,apellido131,2,28/10/1976
132,nombre132,apellido132,1,05/06/1962
133,nombre133,apellido133,1,03/07/1981
134,nombre134,apellido134,2,19/07/1998
135,nombre135,apellido135,2,27/01/1998
136,nombre136,apellido136,1,28/10/1965
137,nombre137,apellido137,1,14/10/1979
138,nombre138,apellido138,2,20/10/1978
139,nombre139,apellido139,2,23/06/1985
140,nombre140,apellido140,1,12/04/1966
141,nombre141,apellido141,1,02/06/1973
142,nombre142,apellido142,1,05/04/1998
143,nombre143,apellido143,2,12/05/1996
144,nombre144,apellido144,1,14/03/1963
145,nombre145,apellido145,1,28/08/1997
146,nombre146,apellido146,1,12/12/1973
147,nombre147,apellido147,1,05/10/1991
148,nombre148,apellido148,2,02/09/1998
149,nombre149,apellido149,2,07/08/1980
150,nombre150,apellido150,1,08/09/1994
151,nombre151,apellido151,1,04/12/1966
152,nombre152,apellido152,1,09/02/1993
153,nombre153,apellido153,1,19/02/1993
154,nombre154,apellido154,1,27/03/1998
155,nombre155,apellido155,1,25/10/1988
156,nombre156,apellido156,1,26/09/1998
157,nombre157,apellido157,1,05/10/1989
158,nombre158,apellido158,2,02/02/1980
159,nombre159,apellido159,1,19/10/1995
160,nombre160,apellido160,2,28/05/1970
161,nombre161,apellido161,2,28/01/1986
162,nombre162,apellido162,1,05/04/1966
163,nombre163,apellido163,1,02/03/1984
164,nombre164,apellido164,1,06/06/1978
165,nombre165,apellido165,1,25/09/1995
166,nombre166,apellido166,2,10/04/2000
167,nombre167,apellido167,1,27/04/1962
168,nombre168,apellido168,2,10/08/1978
169,nombre169,apellido169,1,05/05/1968
170,nombre170,apellido170,2,13/09/1989
171,nombre171,apellido171,1,10/12/1995
172,nombre172,apellido172,2,07/10/1994
173,nombre173,apellido173,1,06/12/1998
174,nombre174,apellido174,1,01/10/1975
175,nombre175,apellido175,1,18/02/1971
176,nombre176,apellido176,2,15/03/1984
177,nombre177,apellido177,2,27/03/1995
178,nombre178,apellido178,1,13/07/1964
179,nombre179,apellido179,1,08/09/1990
180,nombre180,apellido180,1,20/03/1994
181,nombre181,apellido181,1,25/12/1996
182,nombre182,apellido182,2,24/06/1997
183,nombre183,apellido183,1,22/12/1994
184,nombre184,apellido184,2,16/06/1998
185,nombre185,apellido185,1,01/09/2000
186,nombre186,apellido186,1,06/11/1965
187,nombre187,apellido187,1,22/10/1962
188,nombre188,apellido188,1,08/06/1997
189,nombre189,apellido189,2,01/12/1997
190,nombre190,apellido190,1,08/02/1982
191,nombre191,apellido191,2,01/04/1971
192,nombre192,apellido192,1,04/09/1991
193,nombre193,apellido193,1,03/09/1996
194,nombre194,apellido194,2,16/07/1964
195,nombre195,apellido195,1,27/03/1996
196,nombre196,apellido196,2,01/06/1963
197,nombre197,apellido197,1,18/12/1963
198,nombre198,apellido198,1,28/06/1976
199,nombre199,apellido199,1,05/01/1984
200,nombre200,apellido200,2,26/07/1989
201,nombre201,apellido201,1,19/05/1998
202,nombre202,apellido202,2,11/11/1965
203,nombre203,apellido203,1,08/11/1998
204,nombre204,apellido204,1,06/02/1962
205,nombre205,apellido205,2,21/06/1996
206,nombre206,apellido206,1,08/02/1982
207,nombre207,apellido207,1,28/10/1976
208,nombre208,apellido208,2,03/11/1977
209,nombre209,apellido209,1,18/11/1996
210,nombre210,apellido210,1,07/08/1984
211,nombre211,apellido211,1,22/09/1987
212,nombre212,apellido212,1,09/06/1996
213,nombre213,apellido213,1,15/07/1998
214,nombre214,apellido214,1,17/08/1989
215,nombre215,apellido215,1,09/07/1999
216,nombre216,apellido216,2,05/08/1962
217,nombre217,apellido217,1,10/10/1978
218,nombre218,apellido218,1,10/03/1987
219,nombre219,apellido219,1,22/03/1999
220,nombre220,apellido220,2,20/05/1995
221,nombre221,apellido221,2,19/03/1995
222,nombre222,apellido222,1,26/04/1995
223,nombre223,apellido223,2,19/07/1993
224,nombre224,apellido224,2,06/03/1970
225,nombre225,apellido225,2,06/10/1999
226,nombre226,apellido226,1,10/02/1983
227,nombre227,apellido227,2,01/10/1991
228,nombre228,apellido228,1,26/05/1991
229,nombre229,apellido229,1,16/07/1994
230,nombre230,apellido230,1,13/12/1997
231,nombre231,apellido231,1,24/08/2000
232,nombre232,apellido232,1,03/02/1996
233,nombre233,apellido233,1,07/08/1995
234,nombre234,apellido234,1,08/04/1964
235,nombre235,apellido235,1,27/02/1997
236,nombre236,apellido236,1,11/05/1999
237,nombre237,apellido237,2,02/12/1965
238,nombre238,apellido238,1,03/01/1971
239,nombre239,apellido239,2,01/07/1993
240,nombre240,apellido240,1,08/02/1997
241,nombre241,apellido241,1,26/08/1998
242,nombre242,apellido242,1,22/05/1978
243,nombre243,apellido243,1,24/08/1987
244,nombre244,apellido244,2,24/04/1996
245,nombre245,apellido245,1,17/09/1971
246,nombre246,apellido246,1,14/05/1998
247,nombre247,apellido247,1,11/12/1988
248,nombre248,apellido248,1,19/07/1996
249,nombre249,apellido249,2,06/01/1960
250,nombre250,apellido250,1,10/09/1979
251,nombre251,apellido251,1,06/04/1998
252,nombre252,apellido252,1,11/01/1986
253,nombre253,apellido253,1,19/08/1991
254,nombre254,apellido254,1,19/07/1981
255,nombre255,apellido255,1,11/01/2000
256,nombre256,apellido256,1,17/10/1995
257,nombre257,apellido257,2,05/11/1995
258,nombre258,apellido258,1,22/05/1993
259,nombre259,apellido259,1,18/08/1996
260,nombre260,apellido260,1,25/11/1998
261,nombre261,apellido261,1,22/04/1995
262,nombre262,apellido262,2,05/03/1983
263,nombre263,apellido263,1,24/10/1996
264,nombre264,apellido264,2,24/03/1997
265,nombre265,apellido265,1,01/05/1960
266,nombre266,apellido266,1,09/03/1964
267,nombre267,apellido267,1,23/06/1977
268,nombre268,apellido268,1,13/04/1966
269,nombre269,apellido269,2,23/01/1997
270,nombre270,apellido270,1,01/03/2000
271,nombre271,apellido271,1,23/02/1980
272,nombre272,apellido272,1,22/02/1962
273,nombre273,apellido273,2,24/09/1974
274,nombre274,apellido274,1,11/09/1987
275,nombre275,apellido275,1,03/02/1973
276,nombre276,apellido276,1,24/11/1969
277,nombre277,apellido277,1,05/08/1962
278,nombre278,apellido278,2,13/10/1988
279,nombre279,apellido279,2,27/08/1998
280,nombre280,apellido280,1,17/06/2000
281,nombre281,apellido281,2,10/09/1960
282,nombre282,apellido282,1,19/06/1985
283,nombre283,apellido283,1,08/06/1998
284,nombre284,apellido284,1,20/08/1978
285,nombre285,apellido285,1,19/07/1962
286,nombre286,apellido286,1,20/03/1996
287,nombre287,apellido287,1,23/11/1998
288,nombre288,apellido288,1,19/02/1993
289,nombre289,apellido289,2,09/04/2000
290,nombre290,apellido290,1,05/08/1990
291,nombre291,apellido291,1,12/09/1985
292,nombre292,apellido292,1,20/02/1988
293,nombre293,apellido293,1,28/07/1967
294,nombre294,apellido294,1,15/10/1977
295,nombre295,apellido295,1,08/02/2000
296,nombre296,apellido296,1,07/04/1992
297,nombre297,apellido297,2,13/06/1964
298,nombre298,apellido298,1,03/06/1994
299,nombre299,apellido299,1,16/02/1994
300,nombre300,apellido300,2,10/09/1960
301,nombre301,apellido301,1,25/10/1998
302,nombre302,apellido302,1,05/02/1995
303,nombre303,apellido303,1,04/07/1964
304,nombre304,apellido304,1,11/09/1968
305,nombre305,apellido305,1,24/06/1995
306,nombre306,apellido306,1,10/03/1966
307,nombre307,apellido307,1,19/02/1993
308,nombre308,apellido308,2,06/11/1970
309,nombre309,apellido309,1,07/12/1983
310,nombre310,apellido310,1,02/05/1983
311,nombre311,apellido311,1,12/01/1964
312,nombre312,apellido312,1,08/06/1992
313,nombre313,apellido313,1,05/06/1963
314,nombre314,apellido314,1,14/08/1981
315,nombre315,apellido315,1,24/10/1996
316,nombre316,apellido316,2,10/03/1998
317,nombre317,apellido317,1,22/04/1980
318,nombre318,apellido318,1,11/06/1988
319,nombre319,apellido319,1,18/02/1977
320,nombre320,apellido320,1,01/04/1987
321,nombre321,apellido321,1,19/05/1969
322,nombre322,apellido322,1,03/07/1986
323,nombre323,apellido323,1,21/12/1997
324,nombre324,apellido324,1,10/07/1998
325,nombre325,apellido325,1,20/12/1999
326,nombre326,apellido326,1,24/05/1985
327,nombre327,apellido327,1,11/06/1990
328,nombre328,apellido328,1,17/05/1963
329,nombre329,apellido329,1,25/11/1997
330,nombre330,apellido330,1,13/07/1979
331,nombre331,apellido331,1,28/04/1987
332,nombre332,apellido332,1,21/11/1968
333,nombre333,apellido333,1,23/12/1973
334,nombre334,apellido334,1,24/08/1984
335,nombre335,apellido335,1,18/09/1991
336,nombre336,apellido336,1,06/04/1998
337,nombre337,apellido337,1,08/12/1984
338,nombre338,apellido338,1,17/09/1967
339,nombre339,apellido339,1,02/02/1972
340,nombre340,apellido340,2,12/10/1995
341,nombre341,apellido341,2,19/04/1999
342,nombre342,apellido342,2,23/09/1999
343,nombre343,apellido343,1,13/06/1998
344,nombre344,apellido344,1,24/10/1967
345,nombre345,apellido345,1,12/11/1990
346,nombre346,apellido346,1,23/05/1993
347,nombre347,apellido347,2,26/12/1973
348,nombre348,apellido348,2,09/02/1993
349,nombre349,apellido349,1,18/01/1966
350,nombre350,apellido350,1,01/01/1998
351,nombre351,apellido351,1,23/11/1998
352,nombre352,apellido352,1,15/10/1977
353,nombre353,apellido353,1,27/07/1995
354,nombre354,apellido354,1,10/02/1963
355,nombre355,apellido355,1,17/11/1983
356,nombre356,apellido356,2,17/11/1985
357,nombre357,apellido357,1,06/04/1964
358,nombre358,apellido358,1,06/06/1993
359,nombre359,apellido359,1,27/01/1990
360,nombre360,apellido360,2,04/05/1971
361,nombre361,apellido361,1,01/09/1966
362,nombre362,apellido362,2,13/02/1989
363,nombre363,apellido363,1,13/09/1988
364,nombre364,apellido364,1,01/12/1998
365,nombre365,apellido365,1,15/08/1989
366,nombre366,apellido366,1,01/03/1960
367,nombre367,apellido367,2,25/05/1999
368,nombre368,apellido368,1,23/12/1998
369,nombre369,apellido369,1,02/04/1964
370,nombre370,apellido370,1,06/08/1997
371,nombre371,apellido371,1,09/12/1961
372,nombre372,apellido372,1,25/10/1988
373,nombre373,apellido373,1,25/10/2000
374,nombre374,apellido374,1,07/01/1970
375,nombre375,apellido375,1,01/05/1967
376,nombre376,apellido376,1,05/02/1966
377,nombre377,apellido377,2,27/06/1995
378,nombre378,apellido378,1,04/01/1993
379,nombre379,apellido379,1,15/03/1997
380,nombre380,apellido380,1,06/07/1986
381,nombre381,apellido381,1,27/04/2000
382,nombre382,apellido382,1,26/08/1991
383,nombre383,apellido383,1,15/04/1994
384,nombre384,apellido384,1,16/06/1987
385,nombre385,apellido385,2,10/03/1964
386,nombre386,apellido386,1,13/07/1993
387,nombre387,apellido387,1,24/11/1995
388,nombre388,apellido388,1,18/11/1988
389,nombre389,apellido389,1,14/10/1973
390,nombre390,apellido390,2,27/05/1973
391,nombre391,apellido391,1,19/11/1997
392,nombre392,apellido392,2,20/08/1988
393,nombre393,apellido393,1,03/02/1990
394,nombre394,apellido394,2,21/12/1993
395,nombre395,apellido395,1,10/10/1998
396,nombre396,apellido396,1,11/02/1986
397,nombre397,apellido397,1,20/04/1997
398,nombre398,apellido398,1,22/05/1998
399,nombre399,apellido399,1,02/03/1960
400,nombre400,apellido400,1,22/03/1998
401,nombre401,apellido401,2,23/10/1968
402,nombre402,apellido402,1,23/04/1997
403,nombre403,apellido403,2,14/01/1995
404,nombre404,apellido404,1,14/07/1974
405,nombre405,apellido405,1,19/06/1992
406,nombre406,apellido406,1,21/08/1996
407,nombre407,apellido407,1,18/05/1979
408,nombre408,apellido408,1,01/05/1975
409,nombre409,apellido409,1,02/04/1994
410,nombre410,apellido410,1,15/01/1978
411,nombre411,apellido411,2,11/11/1997
412,nombre412,apellido412,1,18/10/1963
413,nombre413,apellido413,2,13/07/2000
414,nombre414,apellido414,2,08/08/1986
415,nombre415,apellido415,1,04/05/1980
416,nombre416,apellido416,1,05/06/1989
417,nombre417,apellido417,1,20/05/1996
418,nombre418,apellido418,1,06/09/1969
419,nombre419,apellido419,2,11/08/1983
420,nombre420,apellido420,1,07/08/1998
421,nombre421,apellido421,1,09/10/1999
422,nombre422,apellido422,1,03/05/1999
423,nombre423,apellido423,1,26/08/1962
424,nombre424,apellido424,2,22/09/1968
425,nombre425,apellido425,1,25/12/1982
426,nombre426,apellido426,1,04/07/2000
427,nombre427,apellido427,1,11/09/1989
428,nombre428,apellido428,1,09/10/1979
429,nombre429,apellido429,1,21/01/1999
430,nombre430,apellido430,1,14/08/1977
431,nombre431,apellido431,1,09/10/1963
432,nombre432,apellido432,1,15/04/1994
433,nombre433,apellido433,1,17/11/1993
434,nombre434,apellido434,2,05/05/1964
435,nombre435,apellido435,1,12/04/1971
436,nombre436,apellido436,1,12/01/1996
437,nombre437,apellido437,1,15/04/1998
438,nombre438,apellido438,2,01/04/1989
439,nombre439,apellido439,2,11/02/1995
440,nombre440,apellido440,1,13/03/1996
441,nombre441,apellido441,1,27/02/1998
442,nombre442,apellido442,1,01/05/1964
443,nombre443,apellido443,1,26/10/1974
444,nombre444,apellido444,1,15/06/1963
445,nombre445,apellido445,2,21/09/1972
446,nombre446,apellido446,2,28/06/1998
447,nombre447,apellido447,2,10/08/2000
448,nombre448,apellido448,2,22/06/1998
449,nombre449,apellido449,1,06/06/1960
450,nombre450,apellido450,2,22/11/1997
451,nombre451,apellido451,1,01/10/1994
452,nombre452,apellido452,1,23/03/1995
453,nombre453,apellido453,2,08/05/1988
454,nombre454,apellido454,2,22/05/1996
455,nombre455,apellido455,1,20/10/1994
456,nombre456,apellido456,1,18/06/1977
457,nombre457,apellido457,2,11/11/1995
458,nombre458,apellido458,1,18/10/1968
459,nombre459,apellido459,1,06/03/1986
460,nombre460,apellido460,2,18/08/1998
461,nombre461,apellido461,1,12/07/1981
462,nombre462,apellido462,1,15/03/1998
463,nombre463,apellido463,1,26/11/1962
464,nombre464,apellido464,1,17/08/1993
465,nombre465,apellido465,2,12/02/1983
466,nombre466,apellido466,1,12/08/1989
467,nombre467,apellido467,1,20/06/1969
468,nombre468,apellido468,2,21/11/1998
469,nombre469,apellido469,1,17/03/1963
470,nombre470,apellido470,1,10/11/1966
471,nombre471,apellido471,1,23/08/1967
472,nombre472,apellido472,1,02/04/1996
473,nombre473,apellido473,1,01/02/1972
474,nombre474,apellido474,1,22/09/1991
475,nombre475,apellido475,2,14/05/2000
476,nombre476,apellido476,2,05/05/1970
477,nombre477,apellido477,1,18/05/1993
478,nombre478,apellido478,1,15/06/1990
479,nombre479,apellido479,2,15/06/1970
480,nombre480,apellido480,2,15/11/1994
481,nombre481,apellido481,1,01/02/1997
482,nombre482,apellido482,1,20/08/1997
483,nombre483,apellido483,1,17/12/1970
484,nombre484,apellido484,1,13/08/1996
485,nombre485,apellido485,2,26/10/1961
486,nombre486,apellido486,1,20/09/1972
487,nombre487,apellido487,1,08/04/1995
488,nombre488,apellido488,1,07/05/2000
489,nombre489,apellido489,1,05/04/1999
490,nombre490,apellido490,1,12/09/1997
491,nombre491,apellido491,2,14/11/1978
492,nombre492,apellido492,2,16/02/1984
493,nombre493,apellido493,1,11/05/1965
494,nombre494,apellido494,2,14/09/1977
495,nombre495,apellido495,1,21/06/1989
496,nombre496,apellido496,1,14/11/1995
497,nombre497,apellido497,1,24/01/1998
498,nombre498,apellido498,1,17/03/1987
499,nombre499,apellido499,1,01/02/1996
500,nombre500,apellido500,1,23/10/1998
501,nombre501,apellido501,2,22/11/1970
502,nombre502,apellido502,1,01/09/1963
503,nombre503,apellido503,2,09/03/1996
504,nombre504,apellido504,2,08/05/1977
505,nombre505,apellido505,2,11/06/1983
506,nombre506,apellido506,1,19/09/1966
507,nombre507,apellido507,1,26/06/1982
508,nombre508,apellido508,1,17/02/1994
509,nombre509,apellido509,1,24/11/1998
510,nombre510,apellido510,1,17/05/1981
511,nombre511,apellido511,1,05/12/1999
512,nombre512,apellido512,1,15/02/1987
513,nombre513,apellido513,1,15/01/1991
514,nombre514,apellido514,1,26/02/1974
515,nombre515,apellido515,1,22/01/1997
516,nombre516,apellido516,1,26/05/1963
517,nombre517,apellido517,2,07/03/1978
518,nombre518,apellido518,1,10/04/1998
519,nombre519,apellido519,2,04/02/1980
520,nombre520,apellido520,2,02/01/1996
521,nombre521,apellido521,1,08/04/1968
522,nombre522,apellido522,1,20/01/1981
523,nombre523,apellido523,1,06/08/1995
524,nombre524,apellido524,1,24/12/1997
525,nombre525,apellido525,2,26/02/1975
526,nombre526,apellido526,2,15/02/1998
527,nombre527,apellido527,1,20/01/1972
528,nombre528,apellido528,1,01/04/1974
529,nombre529,apellido529,1,18/03/1988
530,nombre530,apellido530,1,11/04/1973
531,nombre531,apellido531,1,13/07/1991
532,nombre532,apellido532,1,28/11/1987
533,nombre533,apellido533,1,17/06/1977
534,nombre534,apellido534,1,28/11/1961
535,nombre535,apellido535,1,08/12/1984
536,nombre536,apellido536,1,23/01/1968
537,nombre537,apellido537,2,16/01/1978
538,nombre538,apellido538,1,10/10/1988
539,nombre539,apellido539,1,15/02/1997
540,nombre540,apellido540,2,20/10/1998
541,nombre541,apellido541,1,05/09/1998
542,nombre542,apellido542,1,18/01/1996
543,nombre543,apellido543,1,25/09/1977
544,nombre544,apellido544,2,05/01/1976
545,nombre545,apellido545,2,18/07/1996
546,nombre546,apellido546,2,10/09/1996
547,nombre547,apellido547,2,03/07/1998
548,nombre548,apellido548,1,25/10/2000
549,nombre549,apellido549,1,11/01/1996
550,nombre550,apellido550,1,03/06/1998
551,nombre551,apellido551,2,06/02/1991
552,nombre552,apellido552,1,16/02/1970
553,nombre553,apellido553,1,28/12/1967
554,nombre554,apellido554,1,24/08/1984
555,nombre555,apellido555,2,04/08/1976
556,nombre556,apellido556,1,08/10/1979
557,nombre557,apellido557,1,12/03/1969
558,nombre558,apellido558,1,16/07/1980
559,nombre559,apellido559,1,26/11/1982
560,nombre560,apellido560,1,23/10/1984
561,nombre561,apellido561,1,16/07/1994
562,nombre562,apellido562,1,19/04/1965
563,nombre563,apellido563,1,18/05/1974
564,nombre564,apellido564,1,16/07/1985
565,nombre565,apellido565,1,07/06/1962
566,nombre566,apellido566,1,19/07/1981
567,nombre567,apellido567,2,23/12/1997
568,nombre568,apellido568,2,14/05/1968
569,nombre569,apellido569,1,04/05/1990
570,nombre570,apellido570,2,07/08/2000
571,nombre571,apellido571,1,25/06/1998
572,nombre572,apellido572,1,23/08/1997
573,nombre573,apellido573,1,10/08/1967
574,nombre574,apellido574,1,18/06/1964
575,nombre575,apellido575,2,13/11/1995
576,nombre576,apellido576,1,08/08/1985
577,nombre577,apellido577,2,23/06/1997
578,nombre578,apellido578,2,08/02/1983
579,nombre579,apellido579,1,05/09/1996
580,nombre580,apellido580,1,10/04/1978
581,nombre581,apellido581,1,11/01/1980
582,nombre582,apellido582,1,21/03/1964
583,nombre583,apellido583,1,05/12/1995
584,nombre584,apellido584,1,08/05/1998
585,nombre585,apellido585,1,20/04/1996
586,nombre586,apellido586,2,03/04/1971
587,nombre587,apellido587,1,26/05/1983
588,nombre588,apellido588,2,06/01/1995
589,nombre589,apellido589,1,11/06/2000
590,nombre590,apellido590,1,22/12/1998
591,nombre591,apellido591,1,20/09/1995
592,nombre592,apellido592,2,11/09/1994
593,nombre593,apellido593,1,26/06/1978
594,nombre594,apellido594,1,25/02/1984
595,nombre595,apellido595,1,15/08/1970
596,nombre596,apellido596,1,23/09/1993
597,nombre597,apellido597,1,27/10/1999
598,nombre598,apellido598,2,07/08/1960
599,nombre599,apellido599,1,12/02/1998
600,nombre600,apellido600,1,12/01/1974
601,nombre601,apellido601,1,13/05/1979
602,nombre602,apellido602,1,26/06/1995
603,nombre603,apellido603,1,28/11/1996
604,nombre604,apellido604,1,17/12/1997
605,nombre605,apellido605,2,18/04/1997
606,nombre606,apellido606,1,11/08/1998
607,nombre607,apellido607,1,09/05/1972
608,nombre608,apellido608,2,17/08/1979
609,nombre609,apellido609,1,28/12/1978
610,nombre610,apellido610,1,06/09/1999
611,nombre611,apellido611,1,26/01/1968
612,nombre612,apellido612,1,10/10/1971
613,nombre613,apellido613,1,15/06/1981
614,nombre614,apellido614,2,09/06/1970
615,nombre615,apellido615,1,03/03/1980
616,nombre616,apellido616,1,25/10/1961
617,nombre617,apellido617,1,03/08/1984
618,nombre618,apellido618,2,25/08/1993
619,nombre619,apellido619,1,21/10/1970
620,nombre620,apellido620,1,04/08/1993
621,nombre621,apellido621,1,16/11/1993
622,nombre622,apellido622,2,11/04/1990
623,nombre623,apellido623,1,18/04/1994
624,nombre624,apellido624,2,12/06/1962
625,nombre625,apellido625,1,21/09/1993
626,nombre626,apellido626,1,07/04/1998
627,nombre627,apellido627,1,20/09/1991
628,nombre628,apellido628,2,05/01/1988
629,nombre629,apellido629,1,05/07/1974
630,nombre630,apellido630,1,14/06/1998
631,nombre631,apellido631,2,14/07/1984
632,nombre632,apellido632,1,26/05/1963
633,nombre633,apellido633,1,15/03/1981
634,nombre634,apellido634,1,24/12/1994
635,nombre635,apellido635,2,17/05/1995
636,nombre636,apellido636,1,22/06/1968
637,nombre637,apellido637,1,22/04/1997
638,nombre638,apellido638,1,02/05/1965
639,nombre639,apellido639,1,04/03/1962
640,nombre640,apellido640,1,04/05/1964
641,nombre641,apellido641,2,02/12/1967
642,nombre642,apellido642,2,06/11/1981
643,nombre643,apellido643,2,10/02/1997
644,nombre644,apellido644,2,01/04/1999
645,nombre645,apellido645,1,19/07/1995
646,nombre646,apellido646,1,05/10/1981
647,nombre647,apellido647,2,01/05/1998
648,nombre648,apellido648,1,25/08/1991
649,nombre649,apellido649,1,10/04/1998
650,nombre650,apellido650,2,26/02/1977
651,nombre651,apellido651,1,19/02/1978
652,nombre652,apellido652,1,22/08/1979
653,nombre653,apellido653,1,20/03/1989
654,nombre654,apellido654,1,16/09/1999
655,nombre655,apellido655,2,18/07/1987
656,nombre656,apellido656,1,07/03/1962
657,nombre657,apellido657,1,19/06/1977
658,nombre658,apellido658,1,17/04/1993
659,nombre659,apellido659,1,23/12/1996
660,nombre660,apellido660,1,13/01/1978
661,nombre661,apellido661,1,10/04/1995
662,nombre662,apellido662,2,26/12/1979
663,nombre663,apellido663,1,03/04/1995
664,nombre664,apellido664,2,20/05/1964
665,nombre665,apellido665,1,13/08/1977
666,nombre666,apellido666,2,20/09/1979
667,nombre667,apellido667,2,28/01/1980
668,nombre668,apellido668,1,13/07/1978
669,nombre669,apellido669,1,12/10/1970
670,nombre670,apellido670,1,11/04/1984
671,nombre671,apellido671,1,02/03/1998
672,nombre672,apellido672,1,09/02/1986
673,nombre673,apellido673,1,03/10/1995
674,nombre674,apellido674,1,26/01/1998
675,nombre675,apellido675,2,24/06/1978
676,nombre676,apellido676,2,14/12/1996
677,nombre677,apellido677,2,18/09/1998
678,nombre678,apellido678,1,01/07/1995
679,nombre679,apellido679,1,13/09/1969
680,nombre680,apellido680,2,03/04/1998
681,nombre681,apellido681,2,22/10/1999
682,nombre682,apellido682,1,02/01/1960
683,nombre683,apellido683,1,05/04/1996
684,nombre684,apellido684,2,20/10/1969
685,nombre685,apellido685,1,27/02/1997
686,nombre686,apellido686,1,26/04/1995
687,nombre687,apellido687,1,27/05/1961
688,nombre688,apellido688,1,27/06/1991
689,nombre689,apellido689,1,27/02/1987
690,nombre690,apellido690,2,13/09/1995
691,nombre691,apellido691,1,09/12/1963
692,nombre692,apellido692,1,06/03/2000
693,nombre693,apellido693,2,14/06/1983
694,nombre694,apellido694,2,27/12/1964
695,nombre695,apellido695,1,26/11/1979
696,nombre696,apellido696,2,10/01/1989
697,nombre697,apellido697,1,12/02/1997
698,nombre698,apellido698,2,04/02/1976
699,nombre699,apellido699,1,16/03/1975
700,nombre700,apellido700,1,09/03/1965
701,nombre701,apellido701,1,14/09/1982
702,nombre702,apellido702,1,04/02/1985
703,nombre703,apellido703,1,14/12/1996
704,nombre704,apellido704,1,01/09/1981
705,nombre705,apellido705,2,22/02/1967
706,nombre706,apellido706,1,04/09/1975
707,nombre707,apellido707,1,11/02/1975
708,nombre708,apellido708,1,28/06/1979
709,nombre709,apellido709,1,09/12/1996
710,nombre710,apellido710,1,25/12/1962
711,nombre711,apellido711,1,17/11/1966
712,nombre712,apellido712,2,03/11/1985
713,nombre713,apellido713,2,03/12/1998
714,nombre714,apellido714,2,03/11/1998
715,nombre715,apellido715,2,07/07/1996
716,nombre716,apellido716,2,16/09/1973
717,nombre717,apellido717,1,12/06/1995
718,nombre718,apellido718,2,02/07/1997
719,nombre719,apellido719,1,06/01/1998
720,nombre720,apellido720,1,28/05/1988
721,nombre721,apellido721,2,19/10/1981
722,nombre722,apellido722,2,09/10/1994
723,nombre723,apellido723,2,20/06/1998
724,nombre724,apellido724,2,18/11/2000
725,nombre725,apellido725,2,27/10/1965
726,nombre726,apellido726,2,16/12/1990
727,nombre727,apellido727,1,08/04/1996
728,nombre728,apellido728,2,20/10/1966
729,nombre729,apellido729,2,09/09/1995
730,nombre730,apellido730,1,25/12/1962
731,nombre731,apellido731,1,25/03/1993
732,nombre732,apellido732,1,01/01/1995
733,nombre733,apellido733,2,22/04/1976
734,nombre734,apellido734,1,07/09/1997
735,nombre735,apellido735,1,01/06/1973
736,nombre736,apellido736,1,26/04/1996
737,nombre737,apellido737,1,07/12/1993
738,nombre738,apellido738,1,23/05/1997
739,nombre739,apellido739,1,19/12/1995
740,nombre740,apellido740,2,18/04/1979
741,nombre741,apellido741,1,19/01/1992
742,nombre742,apellido742,1,01/05/1964
743,nombre743,apellido743,1,06/08/1999
744,nombre744,apellido744,1,15/03/1996
745,nombre745,apellido745,1,05/11/1997
746,nombre746,apellido746,1,18/12/1997
747,nombre747,apellido747,1,28/11/1997
748,nombre748,apellido748,2,24/02/1985
749,nombre749,apellido749,2,23/04/1992
750,nombre750,apellido750,1,25/06/1975
751,nombre751,apellido751,2,22/12/1995
752,nombre752,apellido752,2,12/12/1999
753,nombre753,apellido753,2,28/03/1997
754,nombre754,apellido754,1,26/06/1999
755,nombre755,apellido755,2,03/09/1998
756,nombre756,apellido756,1,19/03/1985
757,nombre757,apellido757,2,19/12/1997
758,nombre758,apellido758,1,02/03/1998
759,nombre759,apellido759,1,05/12/1973
760,nombre760,apellido760,1,15/07/1995
761,nombre761,apellido761,2,27/07/1993
762,nombre762,apellido762,2,21/12/1996
763,nombre763,apellido763,1,04/03/1972
764,nombre764,apellido764,2,20/10/1998
765,nombre765,apellido765,1,12/04/1980
766,nombre766,apellido766,1,11/04/1961
767,nombre767,apellido767,2,23/11/1990
768,nombre768,apellido768,1,26/02/1966
769,nombre769,apellido769,1,08/10/1993
770,nombre770,apellido770,1,22/07/1996
771,nombre771,apellido771,1,12/05/1998
772,nombre772,apellido772,1,24/12/1965
773,nombre773,apellido773,1,28/10/1966
774,nombre774,apellido774,2,13/02/1994
775,nombre775,apellido775,1,07/10/1973
776,nombre776,apellido776,1,27/09/1998
777,nombre777,apellido777,1,10/11/1992
778,nombre778,apellido778,2,04/06/1968
779,nombre779,apellido779,2,03/02/1982
780,nombre780,apellido780,1,17/07/2000
781,nombre781,apellido781,1,19/10/1991
782,nombre782,apellido782,1,20/10/1993
783,nombre783,apellido783,1,26/10/1980
784,nombre784,apellido784,1,22/04/1984
785,nombre785,apellido785,1,20/04/1977
786,nombre786,apellido786,2,13/03/1996
787,nombre787,apellido787,1,21/04/1961
788,nombre788,apellido788,1,02/09/1995
789,nombre789,apellido789,1,09/10/1970
790,nombre790,apellido790,1,24/03/1994
791,nombre791,apellido791,1,06/03/1997
792,nombre792,apellido792,1,26/02/1996
793,nombre793,apellido793,1,04/05/1995
794,nombre794,apellido794,2,02/12/1996
795,nombre795,apellido795,2,02/01/1961
796,nombre796,apellido796,1,06/01/1996
797,nombre797,apellido797,1,10/12/1972
798,nombre798,apellido798,1,14/02/1997
799,nombre799,apellido799,1,08/07/1996
800,nombre800,apellido800,1,13/04/1961
801,nombre801,apellido801,1,25/02/1988
802,nombre802,apellido802,1,09/09/1993
803,nombre803,apellido803,1,11/06/1994
804,nombre804,apellido804,1,15/10/1998
805,nombre805,apellido805,2,07/05/1998
806,nombre806,apellido806,2,17/01/1995
807,nombre807,apellido807,1,12/11/1966
808,nombre808,apellido808,2,07/12/1996
809,nombre809,apellido809,1,15/07/1967
810,nombre810,apellido810,1,26/02/1984
811,nombre811,apellido811,1,21/11/1961
812,nombre812,apellido812,1,20/03/1973
813,nombre813,apellido813,1,01/02/1973
814,nombre814,apellido814,1,14/01/1999
815,nombre815,apellido815,1,06/08/1991
816,nombre816,apellido816,1,07/11/1980
817,nombre817,apellido817,1,16/07/1997
818,nombre818,apellido818,1,23/06/1996
819,nombre819,apellido819,2,16/05/1997
820,nombre820,apellido820,2,10/12/1995
821,nombre821,apellido821,1,07/02/1995
822,nombre822,apellido822,1,01/10/1982
823,nombre823,apellido823,1,16/10/1975
824,nombre824,apellido824,1,14/12/1984
825,nombre825,apellido825,1,17/07/1994
826,nombre826,apellido826,1,17/10/1996
827,nombre827,apellido827,1,27/01/1967
828,nombre828,apellido828,2,21/07/1990
829,nombre829,apellido829,1,22/02/1979
830,nombre830,apellido830,2,20/01/1963
831,nombre831,apellido831,2,10/01/1972
832,nombre832,apellido832,1,15/01/1998
833,nombre833,apellido833,1,21/11/2000
834,nombre834,apellido834,1,03/12/1987
835,nombre835,apellido835,2,01/08/1984
836,nombre836,apellido836,2,02/03/1983
837,nombre837,apellido837,1,15/05/1998
838,nombre838,apellido838,1,05/04/1984
839,nombre839,apellido839,2,09/04/1993
840,nombre840,apellido840,1,12/05/1974
841,nombre841,apellido841,1,08/11/1962
842,nombre842,apellido842,1,04/10/1979
843,nombre843,apellido843,1,24/06/1997
844,nombre844,apellido844,1,10/03/1998
845,nombre845,apellido845,2,17/01/1977
846,nombre846,apellido846,1,21/11/1965
847,nombre847,apellido847,1,05/06/1967
848,nombre848,apellido848,1,06/09/1975
849,nombre849,apellido849,1,05/06/1995
850,nombre850,apellido850,2,17/01/1988
851,nombre851,apellido851,1,11/02/1963
852,nombre852,apellido852,2,18/04/1999
853,nombre853,apellido853,1,11/01/1962
854,nombre854,apellido854,1,27/09/1965
855,nombre855,apellido855,1,02/02/1995
856,nombre856,apellido856,2,19/06/1990
857,nombre857,apellido857,2,20/01/1997
858,nombre858,apellido858,2,17/03/1995
859,nombre859,apellido859,2,22/11/1995
860,nombre860,apellido860,2,18/07/1977
861,nombre861,apellido861,2,02/07/1993
862,nombre862,apellido862,1,13/10/1993
863,nombre863,apellido863,1,02/04/1983
864,nombre864,apellido864,1,03/01/2000
865,nombre865,apellido865,2,21/06/1993
866,nombre866,apellido866,1,28/08/1995
867,nombre867,apellido867,1,27/10/1990
868,nombre868,apellido868,1,01/12/1972
869,nombre869,apellido869,2,19/04/2000
870,nombre870,apellido870,2,17/12/1988
871,nombre871,apellido871,1,22/01/1996
872,nombre872,apellido872,1,01/03/2000
873,nombre873,apellido873,1,26/01/1969
874,nombre874,apellido874,1,03/11/1994
875,nombre875,apellido875,1,24/03/1998
876,nombre876,apellido876,2,03/05/1972
877,nombre877,apellido877,1,07/02/1974
878,nombre878,apellido878,1,11/09/1994
879,nombre879,apellido879,1,16/07/1997
880,nombre880,apellido880,1,27/10/1995
881,nombre881,apellido881,2,14/07/1989
882,nombre882,apellido882,2,25/09/1987
883,nombre883,apellido883,1,08/08/1987
884,nombre884,apellido884,1,09/07/1962
885,nombre885,apellido885,1,09/07/1983
886,nombre886,apellido886,1,23/06/1987
887,nombre887,apellido887,1,23/07/1997
888,nombre888,apellido888,2,28/09/1997
889,nombre889,apellido889,1,14/05/1995
890,nombre890,apellido890,1,10/06/1965
891,nombre891,apellido891,1,22/12/1978
892,nombre892,apellido892,2,16/02/1993
893,nombre893,apellido893,1,18/09/1975
894,nombre894,apellido894,2,05/11/1995
895,nombre895,apellido895,1,08/11/1974
896,nombre896,apellido896,1,24/05/1976
897,nombre897,apellido897,1,09/04/1994
898,nombre898,apellido898,1,26/02/1970
899,nombre899,apellido899,1,24/02/1977
900,nombre900,apellido900,1,24/12/1998
901,nombre901,apellido901,2,10/03/1963
902,nombre902,apellido902,2,23/02/1980
903,nombre903,apellido903,1,05/02/1980
904,nombre904,apellido904,1,14/08/1983
905,nombre905,apellido905,1,19/04/1985
906,nombre906,apellido906,1,23/08/1981
907,nombre907,apellido907,1,04/03/1972
908,nombre908,apellido908,2,17/11/1995
909,nombre909,apellido909,2,07/02/1989
910,nombre910,apellido910,2,25/10/1961
911,nombre911,apellido911,1,21/10/1967
912,nombre912,apellido912,1,27/06/1997
913,nombre913,apellido913,1,19/04/1978
914,nombre914,apellido914,1,10/12/1986
915,nombre915,apellido915,2,10/03/1988
916,nombre916,apellido916,1,01/11/1993
917,nombre917,apellido917,1,24/07/1982
918,nombre918,apellido918,1,23/02/1995
919,nombre919,apellido919,2,21/07/1999
920,nombre920,apellido920,1,25/01/1985
921,nombre921,apellido921,1,10/11/2000
922,nombre922,apellido922,1,15/10/1981
923,nombre923,apellido923,1,27/10/1984
924,nombre924,apellido924,2,23/05/1985
925,nombre925,apellido925,1,04/03/1994
926,nombre926,apellido926,2,11/04/1999
927,nombre927,apellido927,1,14/03/1967
928,nombre928,apellido928,2,10/04/1991
929,nombre929,apellido929,2,14/11/1993
930,nombre930,apellido930,2,13/04/1968
931,nombre931,apellido931,1,04/03/1998
932,nombre932,apellido932,1,20/03/1983
933,nombre933,apellido933,1,01/09/1964
934,nombre934,apellido934,1,16/02/1998
935,nombre935,apellido935,1,02/11/1998
936,nombre936,apellido936,2,03/11/1998
937,nombre937,apellido937,1,06/08/2000
938,nombre938,apellido938,1,03/08/1973
939,nombre939,apellido939,1,05/08/1981
940,nombre940,apellido940,1,24/05/1986
941,nombre941,apellido941,1,15/10/1993
942,nombre942,apellido942,2,16/08/1974
943,nombre943,apellido943,1,04/07/1991
944,nombre944,apellido944,2,27/01/1991
945,nombre945,apellido945,2,23/02/1971
946,nombre946,apellido946,2,14/02/1992
947,nombre947,apellido947,1,18/07/1995
948,nombre948,apellido948,1,11/04/1997
949,nombre949,apellido949,2,21/05/1977
950,nombre950,apellido950,1,08/10/1993
951,nombre951,apellido951,2,14/10/2000
952,nombre952,apellido952,2,21/09/1988
953,nombre953,apellido953,1,06/05/1994
954,nombre954,apellido954,1,23/08/2000
955,nombre955,apellido955,1,23/04/1998
956,nombre956,apellido956,1,09/03/1996
957,nombre957,apellido957,1,25/11/1966
958,nombre958,apellido958,1,23/03/1995
959,nombre959,apellido959,2,24/12/1997
960,nombre960,apellido960,1,16/07/1998
961,nombre961,apellido961,1,18/04/1982
962,nombre962,apellido962,1,10/05/1974
963,nombre963,apellido963,1,09/09/1996
964,nombre964,apellido964,2,23/08/1961
965,nombre965,apellido965,1,06/05/1965
966,nombre966,apellido966,2,27/06/2000
967,nombre967,apellido967,2,19/06/1995
968,nombre968,apellido968,1,15/11/1976
969,nombre969,apellido969,1,14/12/1964
970,nombre970,apellido970,1,05/04/1993
971,nombre971,apellido971,1,20/02/1996
972,nombre972,apellido972,1,13/11/1974
973,nombre973,apellido973,2,04/01/1996
974,nombre974,apellido974,1,09/07/1997
975,nombre975,apellido975,1,06/09/1986
976,nombre976,apellido976,2,27/05/2000
977,nombre977,apellido977,2,14/05/1998
978,nombre978,apellido978,1,15/01/1980
979,nombre979,apellido979,1,26/08/1991
980,nombre980,apellido980,1,05/01/1999
981,nombre981,apellido981,1,15/09/1968
982,nombre982,apellido982,2,24/12/1979
983,nombre983,apellido983,1,17/10/1995
984,nombre984,apellido984,1,24/12/1995
985,nombre985,apellido985,1,04/10/1963
986,nombre986,apellido986,1,22/11/1963
987,nombre987,apellido987,1,11/05/1984
988,nombre988,apellido988,1,14/03/1998
989,nombre989,apellido989,1,25/01/1994
990,nombre990,apellido990,2,24/05/2000
991,nombre991,apellido991,2,02/03/1999
992,nombre992,apellido992,1,16/12/1996
993,nombre993,apellido993,1,05/05/1969
994,nombre994,apellido994,2,18/08/1970
995,nombre995,apellido995,1,22/08/2000
996,nombre996,apellido996,1,14/10/1970
997,nombre997,apellido997,2,16/11/1976
998,nombre998,apellido998,2,05/11/1973
999,nombre999,apellido999,2,26/11/1998
1000,nombre1000,apellido1000,1,17/10/1967
1001,nombre1001,apellido1001,1,07/04/1972
1002,nombre1002,apellido1002,1,20/07/1988
1003,nombre1003,apellido1003,1,21/11/1993
1004,nombre1004,apellido1004,1,08/02/1997
1005,nombre1005,apellido1005,1,13/10/1995
1006,nombre1006,apellido1006,2,25/04/1993
1007,nombre1007,apellido1007,1,24/06/1996
1008,nombre1008,apellido1008,1,13/02/1980
1009,nombre1009,apellido1009,2,03/05/1990
1010,nombre1010,apellido1010,1,27/05/1963
1011,nombre1011,apellido1011,1,11/05/1994
1012,nombre1012,apellido1012,1,22/11/1964
1013,nombre1013,apellido1013,1,28/11/1989
1014,nombre1014,apellido1014,2,10/04/1996
1015,nombre1015,apellido1015,2,24/03/1997
1016,nombre1016,apellido1016,1,20/08/1980
1017,nombre1017,apellido1017,2,12/06/1978
1018,nombre1018,apellido1018,1,20/08/1990
1019,nombre1019,apellido1019,1,07/05/1982
1020,nombre1020,apellido1020,2,07/06/1994
1021,nombre1021,apellido1021,1,09/01/1995
1022,nombre1022,apellido1022,2,26/08/1976
1023,nombre1023,apellido1023,1,06/01/1985
1024,nombre1024,apellido1024,1,27/05/1990
1025,nombre1025,apellido1025,1,12/12/1996
1026,nombre1026,apellido1026,2,22/12/1988
1027,nombre1027,apellido1027,1,10/01/1971
1028,nombre1028,apellido1028,1,10/06/1973
1029,nombre1029,apellido1029,1,13/02/1985
1030,nombre1030,apellido1030,1,06/06/1995
1031,nombre1031,apellido1031,1,18/12/1968
1032,nombre1032,apellido1032,1,11/11/1993
1033,nombre1033,apellido1033,1,12/12/1996
1034,nombre1034,apellido1034,2,13/11/1965
1035,nombre1035,apellido1035,1,05/01/1997
1036,nombre1036,apellido1036,1,13/04/1987
1037,nombre1037,apellido1037,1,09/04/1989
1038,nombre1038,apellido1038,1,11/11/1995
1039,nombre1039,apellido1039,1,26/02/1996
1040,nombre1040,apellido1040,2,14/03/1977
1041,nombre1041,apellido1041,1,17/03/1997
1042,nombre1042,apellido1042,1,16/04/1996
1043,nombre1043,apellido1043,1,14/08/1998
1044,nombre1044,apellido1044,1,05/09/2001
1045,nombre1045,apellido1045,2,14/07/1992
1046,nombre1046,apellido1046,1,01/04/1982
1047,nombre1047,apellido1047,1,23/09/1984
1048,nombre1048,apellido1048,1,25/10/1985
1049,nombre1049,apellido1049,2,02/04/1995
1050,nombre1050,apellido1050,1,09/10/2001
1051,nombre1051,apellido1051,1,20/02/1994
1052,nombre1052,apellido1052,1,14/05/1975
1053,nombre1053,apellido1053,1,17/04/1986
1054,nombre1054,apellido1054,1,25/11/2001
1055,nombre1055,apellido1055,1,02/04/2001
1056,nombre1056,apellido1056,1,09/01/1994
1057,nombre1057,apellido1057,1,25/02/1982
1058,nombre1058,apellido1058,1,06/07/2001
1059,nombre1059,apellido1059,1,23/06/1982
1060,nombre1060,apellido1060,1,11/02/1994
1061,nombre1061,apellido1061,1,19/09/1993
1062,nombre1062,apellido1062,1,14/09/1979
1063,nombre1063,apellido1063,2,17/10/1984
1064,nombre1064,apellido1064,1,06/10/2001
1065,nombre1065,apellido1065,1,18/11/1979
1066,nombre1066,apellido1066,2,23/07/1997
1067,nombre1067,apellido1067,1,19/12/1962
1068,nombre1068,apellido1068,1,05/11/1977
1069,nombre1069,apellido1069,1,16/08/1979
1070,nombre1070,apellido1070,1,10/11/1993
1071,nombre1071,apellido1071,1,05/01/1995
1072,nombre1072,apellido1072,1,08/11/1979
1073,nombre1073,apellido1073,1,15/03/1986
1074,nombre1074,apellido1074,1,07/05/1989
1075,nombre1075,apellido1075,1,19/06/2001
1076,nombre1076,apellido1076,2,25/05/1992
1077,nombre1077,apellido1077,1,10/01/1969
1078,nombre1078,apellido1078,1,23/12/1990
1079,nombre1079,apellido1079,1,14/02/1962
1080,nombre1080,apellido1080,1,22/08/2001
1081,nombre1081,apellido1081,1,17/09/1987
1082,nombre1082,apellido1082,1,26/10/2001
1083,nombre1083,apellido1083,1,15/04/1979
1084,nombre1084,apellido1084,2,04/01/1995
1085,nombre1085,apellido1085,1,13/12/1982
1086,nombre1086,apellido1086,2,18/04/1997
1087,nombre1087,apellido1087,2,03/02/1969
1088,nombre1088,apellido1088,1,01/12/1992
1089,nombre1089,apellido1089,1,10/09/2001
1090,nombre1090,apellido1090,1,23/03/1967
1091,nombre1091,apellido1091,1,10/01/1968
1092,nombre1092,apellido1092,2,25/09/1982
1093,nombre1093,apellido1093,1,05/06/1995
1094,nombre1094,apellido1094,2,23/09/1982
1095,nombre1095,apellido1095,2,16/10/1982
1096,nombre1096,apellido1096,2,12/04/2001
1097,nombre1097,apellido1097,1,27/12/2001
1098,nombre1098,apellido1098,1,28/06/2001
1099,nombre1099,apellido1099,2,10/11/2001
1100,nombre1100,apellido1100,2,20/07/1980
1101,nombre1101,apellido1101,1,02/10/1992
1102,nombre1102,apellido1102,1,11/01/1971
1103,nombre1103,apellido1103,1,22/11/1979
1104,nombre1104,apellido1104,1,11/01/1983
1105,nombre1105,apellido1105,1,25/10/1967
1106,nombre1106,apellido1106,1,24/09/1980
1107,nombre1107,apellido1107,1,26/05/1968
1108,nombre1108,apellido1108,1,25/07/2001
1109,nombre1109,apellido1109,2,20/03/2001
1110,nombre1110,apellido1110,1,19/07/1965
1111,nombre1111,apellido1111,2,08/01/1992
1112,nombre1112,apellido1112,1,13/09/1969
1113,nombre1113,apellido1113,1,28/04/1988
1114,nombre1114,apellido1114,1,08/11/2001
1115,nombre1115,apellido1115,2,05/02/1975
1116,nombre1116,apellido1116,1,06/05/2000
1117,nombre1117,apellido1117,1,07/09/1965
1118,nombre1118,apellido1118,1,21/08/1968
1119,nombre1119,apellido1119,2,05/08/1978
1120,nombre1120,apellido1120,1,14/09/2000
1121,nombre1121,apellido1121,2,08/05/2000
1122,nombre1122,apellido1122,1,12/08/2000
1123,nombre1123,apellido1123,1,03/10/1980
1124,nombre1124,apellido1124,1,01/06/2000
1125,nombre1125,apellido1125,1,28/08/1967
1126,nombre1126,apellido1126,1,04/12/1978
1127,nombre1127,apellido1127,1,16/06/2000
1128,nombre1128,apellido1128,1,19/02/1961
1129,nombre1129,apellido1129,1,07/08/1993
1130,nombre1130,apellido1130,1,25/07/1987
1131,nombre1131,apellido1131,1,10/10/1965
1132,nombre1132,apellido1132,1,26/08/2000
1133,nombre1133,apellido1133,2,24/09/1997
1134,nombre1134,apellido1134,2,22/08/1963
1135,nombre1135,apellido1135,1,10/04/1969
1136,nombre1136,apellido1136,1,20/08/1976
1137,nombre1137,apellido1137,1,25/08/1987
1138,nombre1138,apellido1138,2,13/12/1970
1139,nombre1139,apellido1139,1,09/12/1974
1140,nombre1140,apellido1140,1,14/03/1977
1141,nombre1141,apellido1141,2,04/06/1976
1142,nombre1142,apellido1142,1,07/09/1966
1143,nombre1143,apellido1143,1,16/11/1970
1144,nombre1144,apellido1144,1,22/08/1994
1145,nombre1145,apellido1145,1,03/03/1967
1146,nombre1146,apellido1146,1,01/11/1974
1147,nombre1147,apellido1147,2,27/07/2000
1148,nombre1148,apellido1148,1,21/07/1973
1149,nombre1149,apellido1149,1,15/10/1983
1150,nombre1150,apellido1150,1,19/08/1994
1151,nombre1151,apellido1151,1,13/02/1994
1152,nombre1152,apellido1152,1,16/08/1970
1153,nombre1153,apellido1153,1,25/10/2000
1154,nombre1154,apellido1154,2,04/06/1990
1155,nombre1155,apellido1155,1,14/03/1982
1156,nombre1156,apellido1156,1,20/06/1985
1157,nombre1157,apellido1157,2,07/04/2000
1158,nombre1158,apellido1158,2,01/10/1994
1159,nombre1159,apellido1159,1,26/11/1963
1160,nombre1160,apellido1160,1,20/04/1975
1161,nombre1161,apellido1161,1,22/11/1994
1162,nombre1162,apellido1162,1,23/07/1963
1163,nombre1163,apellido1163,2,01/11/1995
1164,nombre1164,apellido1164,1,18/09/2000
1165,nombre1165,apellido1165,2,25/07/1996
1166,nombre1166,apellido1166,1,05/12/1997
1167,nombre1167,apellido1167,1,05/06/2000
1168,nombre1168,apellido1168,1,28/08/2000
1169,nombre1169,apellido1169,1,08/02/1995
1170,nombre1170,apellido1170,1,16/07/1976
1171,nombre1171,apellido1171,1,20/05/2000
1172,nombre1172,apellido1172,1,20/12/1988
1173,nombre1173,apellido1173,1,06/09/1997
1174,nombre1174,apellido1174,1,21/01/2000
1175,nombre1175,apellido1175,1,14/01/1988
1176,nombre1176,apellido1176,1,26/12/1964
1177,nombre1177,apellido1177,2,25/05/1992
1178,nombre1178,apellido1178,1,07/03/1967
1179,nombre1179,apellido1179,1,22/06/1982
1180,nombre1180,apellido1180,1,21/02/2000
1181,nombre1181,apellido1181,1,21/06/1969
1182,nombre1182,apellido1182,2,13/10/2000
1183,nombre1183,apellido1183,2,05/10/1990
1184,nombre1184,apellido1184,1,26/01/1995
1185,nombre1185,apellido1185,2,24/05/1998
1186,nombre1186,apellido1186,1,18/07/2000
1187,nombre1187,apellido1187,2,15/04/1979
1188,nombre1188,apellido1188,2,22/10/1993
1189,nombre1189,apellido1189,1,01/10/1984
1190,nombre1190,apellido1190,2,03/10/1964
1191,nombre1191,apellido1191,1,27/10/1989
1192,nombre1192,apellido1192,1,24/02/2000
1193,nombre1193,apellido1193,1,06/11/1990
1194,nombre1194,apellido1194,1,15/06/1965
1195,nombre1195,apellido1195,1,17/06/1982
1196,nombre1196,apellido1196,1,03/03/2000
1197,nombre1197,apellido1197,1,03/09/2000
1198,nombre1198,apellido1198,1,26/12/1968
1199,nombre1199,apellido1199,1,05/08/1969
1200,nombre1200,apellido1200,1,07/07/1981
1201,nombre1201,apellido1201,2,04/05/2000
1202,nombre1202,apellido1202,1,08/07/1997
1203,nombre1203,apellido1203,1,07/10/1976
1204,nombre1204,apellido1204,1,11/12/1988
1205,nombre1205,apellido1205,1,24/12/1994
1206,nombre1206,apellido1206,1,12/02/1969
1207,nombre1207,apellido1207,2,11/12/1996
1208,nombre1208,apellido1208,2,01/03/2000
1209,nombre1209,apellido1209,1,20/02/1973
1210,nombre1210,apellido1210,1,22/05/1975
1211,nombre1211,apellido1211,1,06/11/1980
1212,nombre1212,apellido1212,1,12/03/2000
1213,nombre1213,apellido1213,1,20/05/1975
1214,nombre1214,apellido1214,1,02/08/1986
1215,nombre1215,apellido1215,1,18/11/1993
1216,nombre1216,apellido1216,2,04/02/1963
1217,nombre1217,apellido1217,1,02/01/1979
1218,nombre1218,apellido1218,1,22/03/1997
1219,nombre1219,apellido1219,1,11/04/2000
1220,nombre1220,apellido1220,1,12/01/1993
1221,nombre1221,apellido1221,1,24/02/1980
1222,nombre1222,apellido1222,1,27/01/2000
1223,nombre1223,apellido1223,1,07/12/2000
1224,nombre1224,apellido1224,1,16/02/2000
1225,nombre1225,apellido1225,2,06/06/1973
1226,nombre1226,apellido1226,1,27/10/1962
1227,nombre1227,apellido1227,1,21/12/1994
1228,nombre1228,apellido1228,2,09/09/1982
1229,nombre1229,apellido1229,1,22/06/1994
1230,nombre1230,apellido1230,2,07/09/1969
1231,nombre1231,apellido1231,1,13/10/1977
1232,nombre1232,apellido1232,2,27/06/1982
1233,nombre1233,apellido1233,2,19/04/1982
1234,nombre1234,apellido1234,2,02/09/2000
1235,nombre1235,apellido1235,2,20/12/1993
1236,nombre1236,apellido1236,1,11/08/1994
1237,nombre1237,apellido1237,1,01/04/1983
1238,nombre1238,apellido1238,1,18/10/1995
1239,nombre1239,apellido1239,1,13/12/1997
1240,nombre1240,apellido1240,1,08/01/1962
1241,nombre1241,apellido1241,1,23/01/2000
1242,nombre1242,apellido1242,1,25/12/1989
1243,nombre1243,apellido1243,1,15/07/2000
1244,nombre1244,apellido1244,2,26/09/1963
1245,nombre1245,apellido1245,1,24/01/2000
1246,nombre1246,apellido1246,1,05/08/2000
1247,nombre1247,apellido1247,1,09/12/1996
1248,nombre1248,apellido1248,1,06/01/1970
1249,nombre1249,apellido1249,1,26/08/1978
1250,nombre1250,apellido1250,1,13/05/1983
1251,nombre1251,apellido1251,2,27/02/1987
1252,nombre1252,apellido1252,1,17/07/2000
1253,nombre1253,apellido1253,1,12/08/1979
1254,nombre1254,apellido1254,1,08/09/2000
1255,nombre1255,apellido1255,1,10/11/1974
1256,nombre1256,apellido1256,1,05/07/1978
1257,nombre1257,apellido1257,2,05/03/1997
1258,nombre1258,apellido1258,2,19/08/2000
1259,nombre1259,apellido1259,1,07/02/2000
1260,nombre1260,apellido1260,1,21/09/1974
1261,nombre1261,apellido1261,1,18/04/2000
1262,nombre1262,apellido1262,1,07/01/1978
1263,nombre1263,apellido1263,1,22/09/2000
1264,nombre1264,apellido1264,2,20/10/2000
1265,nombre1265,apellido1265,1,16/06/1961
1266,nombre1266,apellido1266,1,12/02/1962
1267,nombre1267,apellido1267,1,28/05/2000
1268,nombre1268,apellido1268,2,07/09/1995
1269,nombre1269,apellido1269,2,07/07/1966
1270,nombre1270,apellido1270,2,20/07/1962
1271,nombre1271,apellido1271,1,10/05/1972
1272,nombre1272,apellido1272,1,12/01/1970
1273,nombre1273,apellido1273,1,10/11/1983
1274,nombre1274,apellido1274,1,27/07/1966
1275,nombre1275,apellido1275,1,03/11/1961
1276,nombre1276,apellido1276,1,16/07/1996
1277,nombre1277,apellido1277,2,23/08/1994
1278,nombre1278,apellido1278,1,26/02/1986
1279,nombre1279,apellido1279,2,09/10/2000
1280,nombre1280,apellido1280,1,20/09/1980
1281,nombre1281,apellido1281,1,01/12/1965
1282,nombre1282,apellido1282,1,21/09/1977
1283,nombre1283,apellido1283,1,06/12/2000
1284,nombre1284,apellido1284,1,23/10/1969
1285,nombre1285,apellido1285,1,19/08/1984
1286,nombre1286,apellido1286,2,19/12/1961
1287,nombre1287,apellido1287,1,05/09/1984
1288,nombre1288,apellido1288,1,22/05/1993
1289,nombre1289,apellido1289,1,02/04/1994
1290,nombre1290,apellido1290,2,14/04/1981
1291,nombre1291,apellido1291,1,13/05/1968
1292,nombre1292,apellido1292,2,05/03/1982
1293,nombre1293,apellido1293,2,19/11/1971
1294,nombre1294,apellido1294,1,17/09/1988
1295,nombre1295,apellido1295,1,05/10/2000
1296,nombre1296,apellido1296,2,26/08/1975
1297,nombre1297,apellido1297,1,11/12/1997
1298,nombre1298,apellido1298,1,23/12/2000
1299,nombre1299,apellido1299,1,24/11/1971
1300,nombre1300,apellido1300,1,23/04/1981
1301,nombre1301,apellido1301,2,03/10/1981
1302,nombre1302,apellido1302,1,22/02/1994
1303,nombre1303,apellido1303,1,16/11/1995
1304,nombre1304,apellido1304,2,02/02/1962
1305,nombre1305,apellido1305,1,08/11/1963
1306,nombre1306,apellido1306,2,27/06/1982
1307,nombre1307,apellido1307,2,16/08/1969
1308,nombre1308,apellido1308,1,07/11/1996
1309,nombre1309,apellido1309,1,21/10/1963
1310,nombre1310,apellido1310,2,16/02/1972
1311,nombre1311,apellido1311,1,05/07/1975
1312,nombre1312,apellido1312,1,28/04/2000
1313,nombre1313,apellido1313,1,14/04/2000
1314,nombre1314,apellido1314,1,05/10/1983
1315,nombre1315,apellido1315,1,16/04/1989
1316,nombre1316,apellido1316,1,05/08/1973
1317,nombre1317,apellido1317,1,17/07/1981
1318,nombre1318,apellido1318,1,25/12/1992
1319,nombre1319,apellido1319,1,13/07/1981
1320,nombre1320,apellido1320,1,16/02/2000
1321,nombre1321,apellido1321,1,15/09/1961
1322,nombre1322,apellido1322,1,03/10/1990
1323,nombre1323,apellido1323,1,02/10/1997
1324,nombre1324,apellido1324,2,13/10/1985
1325,nombre1325,apellido1325,1,01/10/1993
1326,nombre1326,apellido1326,1,10/03/1998
1327,nombre1327,apellido1327,1,04/12/1982
1328,nombre1328,apellido1328,1,08/10/1981
1329,nombre1329,apellido1329,1,24/04/1972
1330,nombre1330,apellido1330,1,12/11/1997
1331,nombre1331,apellido1331,2,04/12/1989
1332,nombre1332,apellido1332,1,07/06/1968
1333,nombre1333,apellido1333,1,08/07/1982
1334,nombre1334,apellido1334,1,21/06/2000
1335,nombre1335,apellido1335,1,01/07/1969
1336,nombre1336,apellido1336,1,17/03/1992
1337,nombre1337,apellido1337,2,02/08/1996
1338,nombre1338,apellido1338,1,20/10/1974
1339,nombre1339,apellido1339,1,28/10/1965
1340,nombre1340,apellido1340,1,27/08/1978
1341,nombre1341,apellido1341,1,02/01/1961
1342,nombre1342,apellido1342,1,23/06/1974
1343,nombre1343,apellido1343,1,12/05/1966
1344,nombre1344,apellido1344,1,28/12/1982
1345,nombre1345,apellido1345,1,25/10/1983
1346,nombre1346,apellido1346,2,08/03/1994
1347,nombre1347,apellido1347,1,01/05/2000
1348,nombre1348,apellido1348,1,06/02/1977
1349,nombre1349,apellido1349,1,15/03/1979
1350,nombre1350,apellido1350,1,06/02/1998
1351,nombre1351,apellido1351,1,23/06/2000
1352,nombre1352,apellido1352,2,27/03/2000
1353,nombre1353,apellido1353,1,05/06/1970
1354,nombre1354,apellido1354,2,25/06/1986
1355,nombre1355,apellido1355,2,15/03/2000
1356,nombre1356,apellido1356,2,26/10/1993
1357,nombre1357,apellido1357,2,24/10/1995
1358,nombre1358,apellido1358,2,23/02/2000
1359,nombre1359,apellido1359,1,19/02/1995
1360,nombre1360,apellido1360,1,02/05/1975
1361,nombre1361,apellido1361,1,24/10/1973
1362,nombre1362,apellido1362,1,19/07/1993
1363,nombre1363,apellido1363,1,21/06/1999
1364,nombre1364,apellido1364,2,22/03/1991
1365,nombre1365,apellido1365,1,12/01/1966
1366,nombre1366,apellido1366,2,08/12/1986
1367,nombre1367,apellido1367,1,20/03/1988
1368,nombre1368,apellido1368,1,17/09/1962
1369,nombre1369,apellido1369,2,15/03/1999
1370,nombre1370,apellido1370,1,03/11/1999
1371,nombre1371,apellido1371,1,10/04/1997
1372,nombre1372,apellido1372,1,27/12/1973
1373,nombre1373,apellido1373,1,07/06/1999
1374,nombre1374,apellido1374,2,10/05/1999
1375,nombre1375,apellido1375,1,19/06/1999
1376,nombre1376,apellido1376,1,28/07/1986
1377,nombre1377,apellido1377,1,14/08/1964
1378,nombre1378,apellido1378,2,14/01/1977
1379,nombre1379,apellido1379,1,02/03/1998
1380,nombre1380,apellido1380,1,02/08/1998
1381,nombre1381,apellido1381,1,01/06/1973
1382,nombre1382,apellido1382,1,25/07/1975
1383,nombre1383,apellido1383,1,15/02/1999
1384,nombre1384,apellido1384,1,24/08/1967
1385,nombre1385,apellido1385,1,04/01/1989
1386,nombre1386,apellido1386,2,14/07/1999
1387,nombre1387,apellido1387,1,06/12/1994
1388,nombre1388,apellido1388,1,15/01/1996
1389,nombre1389,apellido1389,2,16/12/1999
1390,nombre1390,apellido1390,1,05/11/1985
1391,nombre1391,apellido1391,1,05/01/1972
1392,nombre1392,apellido1392,1,10/12/1978
1393,nombre1393,apellido1393,1,06/11/1979
1394,nombre1394,apellido1394,1,25/02/1967
1395,nombre1395,apellido1395,1,19/06/1998
1396,nombre1396,apellido1396,2,12/09/1999
1397,nombre1397,apellido1397,2,25/11/1990
1398,nombre1398,apellido1398,1,22/07/1969
1399,nombre1399,apellido1399,2,11/09/1998
1400,nombre1400,apellido1400,2,14/03/1965
1401,nombre1401,apellido1401,2,15/03/1972
1402,nombre1402,apellido1402,1,28/09/1999
1403,nombre1403,apellido1403,1,15/03/1976
1404,nombre1404,apellido1404,1,15/06/1968
1405,nombre1405,apellido1405,2,28/03/1995
1406,nombre1406,apellido1406,1,21/01/1999
1407,nombre1407,apellido1407,2,17/05/1999
1408,nombre1408,apellido1408,1,20/06/1997
1409,nombre1409,apellido1409,1,23/07/1999
1410,nombre1410,apellido1410,1,25/02/1966
1411,nombre1411,apellido1411,1,04/12/1999
1412,nombre1412,apellido1412,1,04/05/1981
1413,nombre1413,apellido1413,1,20/03/1996
1414,nombre1414,apellido1414,1,03/07/1978
1415,nombre1415,apellido1415,2,19/05/1981
1416,nombre1416,apellido1416,1,07/10/1978
1417,nombre1417,apellido1417,1,21/03/1964
1418,nombre1418,apellido1418,2,01/07/1981
1419,nombre1419,apellido1419,1,01/01/1965
1420,nombre1420,apellido1420,1,01/11/1961
1421,nombre1421,apellido1421,1,14/11/1986
1422,nombre1422,apellido1422,1,11/07/1999
1423,nombre1423,apellido1423,2,16/05/1998
1424,nombre1424,apellido1424,1,16/11/1999
1425,nombre1425,apellido1425,1,20/01/1999
1426,nombre1426,apellido1426,1,24/11/1964
1427,nombre1427,apellido1427,1,12/11/1986
1428,nombre1428,apellido1428,2,15/11/1962
1429,nombre1429,apellido1429,2,19/01/1965
1430,nombre1430,apellido1430,1,15/04/1977
1431,nombre1431,apellido1431,1,27/07/1992
1432,nombre1432,apellido1432,2,15/03/1976
1433,nombre1433,apellido1433,1,19/08/1975
1434,nombre1434,apellido1434,1,10/11/1981
1435,nombre1435,apellido1435,1,04/07/1991
1436,nombre1436,apellido1436,1,07/11/1984
1437,nombre1437,apellido1437,1,08/09/1994
1438,nombre1438,apellido1438,1,27/12/1968
1439,nombre1439,apellido1439,1,26/04/1972
1440,nombre1440,apellido1440,1,01/11/1996
1441,nombre1441,apellido1441,1,09/06/1999
1442,nombre1442,apellido1442,1,16/07/1998
1443,nombre1443,apellido1443,2,16/01/1962
1444,nombre1444,apellido1444,1,24/04/1996
1445,nombre1445,apellido1445,1,16/01/1999
1446,nombre1446,apellido1446,1,25/10/1999
1447,nombre1447,apellido1447,1,09/02/1977
1448,nombre1448,apellido1448,1,24/12/1983
1449,nombre1449,apellido1449,2,05/05/1995
1450,nombre1450,apellido1450,2,20/11/1993
1451,nombre1451,apellido1451,1,23/06/1982
1452,nombre1452,apellido1452,1,07/09/1997
1453,nombre1453,apellido1453,2,14/06/1999
1454,nombre1454,apellido1454,1,20/10/1997
1455,nombre1455,apellido1455,1,02/06/1996
1456,nombre1456,apellido1456,1,22/11/1999
1457,nombre1457,apellido1457,2,08/03/1994
1458,nombre1458,apellido1458,2,07/09/1999
1459,nombre1459,apellido1459,1,18/03/1998
1460,nombre1460,apellido1460,2,03/06/1993
1461,nombre1461,apellido1461,1,03/10/1998
1462,nombre1462,apellido1462,1,09/05/1977
1463,nombre1463,apellido1463,1,15/04/1962
1464,nombre1464,apellido1464,1,13/08/1984
1465,nombre1465,apellido1465,1,23/03/1996
1466,nombre1466,apellido1466,2,16/12/1966
1467,nombre1467,apellido1467,1,24/07/1980
1468,nombre1468,apellido1468,2,05/08/1996
1469,nombre1469,apellido1469,1,21/10/1997
1470,nombre1470,apellido1470,2,06/06/1999
1471,nombre1471,apellido1471,2,13/04/1985
1472,nombre1472,apellido1472,1,21/01/1995
1473,nombre1473,apellido1473,1,12/04/1999
1474,nombre1474,apellido1474,1,08/03/1964
1475,nombre1475,apellido1475,1,08/12/1963
1476,nombre1476,apellido1476,1,22/12/1976
1477,nombre1477,apellido1477,1,09/09/1963
1478,nombre1478,apellido1478,1,15/06/1973
1479,nombre1479,apellido1479,2,13/08/1985
1480,nombre1480,apellido1480,1,14/08/1970
1481,nombre1481,apellido1481,1,22/04/1973
1482,nombre1482,apellido1482,1,02/06/1975
1483,nombre1483,apellido1483,2,13/04/1994
1484,nombre1484,apellido1484,1,24/08/1982
1485,nombre1485,apellido1485,1,13/05/1988
1486,nombre1486,apellido1486,2,01/02/1999
1487,nombre1487,apellido1487,2,02/06/1995
1488,nombre1488,apellido1488,2,09/07/1999
1489,nombre1489,apellido1489,1,16/06/1977
1490,nombre1490,apellido1490,1,01/02/1969
1491,nombre1491,apellido1491,1,23/05/1976
1492,nombre1492,apellido1492,2,09/06/1999
1493,nombre1493,apellido1493,1,09/10/1968
1494,nombre1494,apellido1494,1,24/01/1980
1495,nombre1495,apellido1495,1,06/08/1964
1496,nombre1496,apellido1496,1,26/09/1966
1497,nombre1497,apellido1497,1,19/07/1998
1498,nombre1498,apellido1498,2,18/09/1995
1499,nombre1499,apellido1499,1,03/05/1979
1500,nombre1500,apellido1500,1,12/10/1999
1501,nombre1501,apellido1501,1,08/09/1967
1502,nombre1502,apellido1502,2,05/12/1999
1503,nombre1503,apellido1503,1,20/07/1968
1504,nombre1504,apellido1504,1,08/09/1985
1505,nombre1505,apellido1505,1,28/04/1993
1506,nombre1506,apellido1506,1,06/01/1994
1507,nombre1507,apellido1507,1,11/05/1998
1508,nombre1508,apellido1508,1,20/04/1991
1509,nombre1509,apellido1509,2,01/09/1980
1510,nombre1510,apellido1510,1,28/12/1960
1511,nombre1511,apellido1511,1,22/05/1962
1512,nombre1512,apellido1512,1,01/06/1994
1513,nombre1513,apellido1513,1,04/01/1993
1514,nombre1514,apellido1514,1,12/09/1999
1515,nombre1515,apellido1515,1,24/06/1967
1516,nombre1516,apellido1516,1,13/01/1999
1517,nombre1517,apellido1517,1,17/10/1996
1518,nombre1518,apellido1518,1,26/02/1996
1519,nombre1519,apellido1519,1,22/03/1999
1520,nombre1520,apellido1520,1,24/08/1970
1521,nombre1521,apellido1521,2,13/10/1999
1522,nombre1522,apellido1522,1,28/05/1984
1523,nombre1523,apellido1523,1,10/06/1999
1524,nombre1524,apellido1524,2,09/01/1999
1525,nombre1525,apellido1525,2,22/05/1971
1526,nombre1526,apellido1526,1,13/10/1964
1527,nombre1527,apellido1527,1,18/12/1999
1528,nombre1528,apellido1528,2,20/06/1996
1529,nombre1529,apellido1529,2,02/01/1999
1530,nombre1530,apellido1530,1,18/01/1998
1531,nombre1531,apellido1531,1,15/05/1972
1532,nombre1532,apellido1532,1,26/10/1977
1533,nombre1533,apellido1533,1,14/08/1973
1534,nombre1534,apellido1534,2,07/12/1980
1535,nombre1535,apellido1535,1,27/03/1963
1536,nombre1536,apellido1536,1,12/02/1988
1537,nombre1537,apellido1537,2,12/04/1988
1538,nombre1538,apellido1538,1,15/03/1999
1539,nombre1539,apellido1539,1,15/02/1986
1540,nombre1540,apellido1540,1,10/02/1997
1541,nombre1541,apellido1541,2,04/06/1963
1542,nombre1542,apellido1542,1,18/04/1965
1543,nombre1543,apellido1543,1,02/09/1970
1544,nombre1544,apellido1544,1,04/11/1999
1545,nombre1545,apellido1545,1,14/10/1977
1546,nombre1546,apellido1546,2,24/06/1978
1547,nombre1547,apellido1547,1,19/04/1999
1548,nombre1548,apellido1548,2,14/01/1970
1549,nombre1549,apellido1549,2,18/05/1998
1550,nombre1550,apellido1550,1,02/04/1976
1551,nombre1551,apellido1551,2,15/06/1982
1552,nombre1552,apellido1552,2,11/05/1990
1553,nombre1553,apellido1553,1,27/08/1972
1554,nombre1554,apellido1554,1,04/09/1980
1555,nombre1555,apellido1555,2,24/08/1983
1556,nombre1556,apellido1556,2,16/01/1972
1557,nombre1557,apellido1557,1,12/06/1985
1558,nombre1558,apellido1558,1,27/02/1994
1559,nombre1559,apellido1559,2,28/03/1995
1560,nombre1560,apellido1560,1,02/05/1993
1561,nombre1561,apellido1561,2,05/11/1994
1562,nombre1562,apellido1562,2,23/08/1999
1563,nombre1563,apellido1563,1,08/06/1979
1564,nombre1564,apellido1564,1,22/01/1963
1565,nombre1565,apellido1565,2,16/09/1999
1566,nombre1566,apellido1566,1,07/05/1999
1567,nombre1567,apellido1567,2,26/05/1960
1568,nombre1568,apellido1568,2,17/05/1971
1569,nombre1569,apellido1569,1,14/06/1967
1570,nombre1570,apellido1570,2,10/01/1979
1571,nombre1571,apellido1571,1,08/10/1961
1572,nombre1572,apellido1572,2,10/10/1987
1573,nombre1573,apellido1573,1,21/05/1997
1574,nombre1574,apellido1574,2,21/07/1995
1575,nombre1575,apellido1575,2,22/04/1999
1576,nombre1576,apellido1576,1,06/11/1975
1577,nombre1577,apellido1577,2,10/07/1983
1578,nombre1578,apellido1578,1,08/09/1994
1579,nombre1579,apellido1579,1,03/05/2004
1580,nombre1580,apellido1580,2,03/10/1997
1581,nombre1581,apellido1581,1,15/05/1998
1582,nombre1582,apellido1582,1,24/01/1977
1583,nombre1583,apellido1583,1,19/08/1987
1584,nombre1584,apellido1584,1,05/02/1989
1585,nombre1585,apellido1585,1,21/03/1994
1586,nombre1586,apellido1586,1,11/08/1994
1587,nombre1587,apellido1587,1,13/01/1966
1588,nombre1588,apellido1588,2,26/03/1998
1589,nombre1589,apellido1589,1,10/11/1980
1590,nombre1590,apellido1590,1,21/11/2004
1591,nombre1591,apellido1591,1,05/10/2004
1592,nombre1592,apellido1592,1,08/01/1989
1593,nombre1593,apellido1593,1,27/10/1987
1594,nombre1594,apellido1594,2,02/06/2004
1595,nombre1595,apellido1595,1,03/01/1984
1596,nombre1596,apellido1596,1,17/04/2005
1597,nombre1597,apellido1597,1,03/10/1983
1598,nombre1598,apellido1598,2,24/11/1994
1599,nombre1599,apellido1599,2,24/01/1961
1600,nombre1600,apellido1600,2,23/11/2006
1601,nombre1601,apellido1601,1,10/05/2004
1602,nombre1602,apellido1602,1,15/07/1985
1603,nombre1603,apellido1603,2,16/01/1998
1604,nombre1604,apellido1604,1,24/08/2006
